SET IDENTITY_INSERT Country ON;
GO
INSERT INTO Country (CountryID, [Name]) VALUES (1, 'United Kingdom')
INSERT INTO Country (CountryID, [Name]) VALUES (2, 'United States')
INSERT INTO Country (CountryID, [Name]) VALUES (3, 'China')
INSERT INTO Country (CountryID, [Name]) VALUES (4, 'Singapore')
SET IDENTITY_INSERT Country OFF;
GO
SET IDENTITY_INSERT InvestorType ON;
GO
INSERT INTO InvestorType (InvestorTypeID, TypeOfInvestor) VALUES (1, 'asset manager')
INSERT INTO InvestorType (InvestorTypeID, TypeOfInvestor) VALUES (2, 'bank')
INSERT INTO InvestorType (InvestorTypeID, TypeOfInvestor) VALUES (3, 'fund manager')
INSERT INTO InvestorType (InvestorTypeID, TypeOfInvestor) VALUES (4, 'wealth manager')
SET IDENTITY_INSERT InvestorType OFF;
GO
SET IDENTITY_INSERT AssetClass ON;
GO
INSERT INTO AssetClass (AssetClassID, [Name]) VALUES (1, 'Hedge Funds')
INSERT INTO AssetClass (AssetClassID, [Name]) VALUES (2, 'Infrastructure')
INSERT INTO AssetClass (AssetClassID, [Name]) VALUES (3, 'Private Equity')
INSERT INTO AssetClass (AssetClassID, [Name]) VALUES (4, 'Natural Resources')
INSERT INTO AssetClass (AssetClassID, [Name]) VALUES (5, 'Real Estate')
INSERT INTO AssetClass (AssetClassID, [Name]) VALUES (6, 'Private Debt')
SET IDENTITY_INSERT AssetClass OFF;
GO
SET IDENTITY_INSERT Investor ON;
GO
INSERT INTO Investor (InvestorID, [Name], DateAdded, DateUpdated, InvestorTypeID, CountryID)
VALUES (1, 'Cza Weasley fund', '2002-05-29', '2024-02-21', 4, 1)

INSERT INTO Investor (InvestorID, [Name], DateAdded, DateUpdated, InvestorTypeID, CountryID)
VALUES (2, 'Ibx Skywalker ltd', '1997-07-21', '2024-02-21', 1, 2)

INSERT INTO Investor (InvestorID, [Name], DateAdded, DateUpdated, InvestorTypeID, CountryID)
VALUES (3, 'Ioo Gryffindor fund', '2000-07-06', '2024-02-21', 3, 4)

INSERT INTO Investor (InvestorID, [Name], DateAdded, DateUpdated, InvestorTypeID, CountryID)
VALUES (4, 'Mjd Jedi fund', '2010-06-08', '2024-02-21', 2, 3)
SET IDENTITY_INSERT Investor OFF;
GO
SET IDENTITY_INSERT Commitment ON;
GO
INSERT INTO Commitment (CommitmentID, Amount, Currency, AssetClassID, InvestorID)VALUES (1, 15000000, 'GBP', 2, 3)
INSERT INTO Commitment (CommitmentID, Amount, Currency, AssetClassID, InvestorID)VALUES (2, 31000000, 'GBP', 2, 2)
INSERT INTO Commitment (CommitmentID, Amount, Currency, AssetClassID, InvestorID)VALUES (3, 58000000, 'GBP', 1, 1)
INSERT INTO Commitment (CommitmentID, Amount, Currency, AssetClassID, InvestorID)VALUES (4, 72000000, 'GBP', 3, 4)
INSERT INTO Commitment (CommitmentID, Amount, Currency, AssetClassID, InvestorID)VALUES (5, 1000000, 'GBP', 4, 4)
INSERT INTO Commitment (CommitmentID, Amount, Currency, AssetClassID, InvestorID)VALUES (6, 17000000, 'GBP', 5, 2)
INSERT INTO Commitment (CommitmentID, Amount, Currency, AssetClassID, InvestorID)VALUES (7, 83000000, 'GBP', 5, 2)
INSERT INTO Commitment (CommitmentID, Amount, Currency, AssetClassID, InvestorID)VALUES (8, 28000000, 'GBP', 1, 4)
INSERT INTO Commitment (CommitmentID, Amount, Currency, AssetClassID, InvestorID)VALUES (9, 85000000, 'GBP', 1, 2)
INSERT INTO Commitment (CommitmentID, Amount, Currency, AssetClassID, InvestorID)VALUES (10, 31000000, 'GBP', 1, 3)
INSERT INTO Commitment (CommitmentID, Amount, Currency, AssetClassID, InvestorID)VALUES (11, 45000000, 'GBP', 3, 3)
INSERT INTO Commitment (CommitmentID, Amount, Currency, AssetClassID, InvestorID)VALUES (12, 48000000, 'GBP', 5, 4)
INSERT INTO Commitment (CommitmentID, Amount, Currency, AssetClassID, InvestorID)VALUES (13, 45000000, 'GBP', 3, 1)
INSERT INTO Commitment (CommitmentID, Amount, Currency, AssetClassID, InvestorID)VALUES (14, 12000000, 'GBP', 5, 2)
INSERT INTO Commitment (CommitmentID, Amount, Currency, AssetClassID, InvestorID)VALUES (15, 30000000, 'GBP', 4, 2)
INSERT INTO Commitment (CommitmentID, Amount, Currency, AssetClassID, InvestorID)VALUES (16, 94000000, 'GBP', 5, 4)
INSERT INTO Commitment (CommitmentID, Amount, Currency, AssetClassID, InvestorID)VALUES (17, 17000000, 'GBP', 5, 2)
INSERT INTO Commitment (CommitmentID, Amount, Currency, AssetClassID, InvestorID)VALUES (18, 86000000, 'GBP', 6, 4)
INSERT INTO Commitment (CommitmentID, Amount, Currency, AssetClassID, InvestorID)VALUES (19, 32000000, 'GBP', 1, 3)
INSERT INTO Commitment (CommitmentID, Amount, Currency, AssetClassID, InvestorID)VALUES (20, 38000000, 'GBP', 4, 4)
INSERT INTO Commitment (CommitmentID, Amount, Currency, AssetClassID, InvestorID)VALUES (21, 6000000, 'GBP', 5, 4)
INSERT INTO Commitment (CommitmentID, Amount, Currency, AssetClassID, InvestorID)VALUES (22, 61000000, 'GBP', 1, 1)
INSERT INTO Commitment (CommitmentID, Amount, Currency, AssetClassID, InvestorID)VALUES (23, 63000000, 'GBP', 1, 2)
INSERT INTO Commitment (CommitmentID, Amount, Currency, AssetClassID, InvestorID)VALUES (24, 15000000, 'GBP', 2, 4)
INSERT INTO Commitment (CommitmentID, Amount, Currency, AssetClassID, InvestorID)VALUES (25, 70000000, 'GBP', 3, 3)
INSERT INTO Commitment (CommitmentID, Amount, Currency, AssetClassID, InvestorID)VALUES (26, 27000000, 'GBP', 1, 3)
INSERT INTO Commitment (CommitmentID, Amount, Currency, AssetClassID, InvestorID)VALUES (27, 51000000, 'GBP', 1, 1)
INSERT INTO Commitment (CommitmentID, Amount, Currency, AssetClassID, InvestorID)VALUES (28, 92000000, 'GBP', 5, 4)
INSERT INTO Commitment (CommitmentID, Amount, Currency, AssetClassID, InvestorID)VALUES (29, 10000000, 'GBP', 2, 2)
INSERT INTO Commitment (CommitmentID, Amount, Currency, AssetClassID, InvestorID)VALUES (30, 41000000, 'GBP', 1, 3)
INSERT INTO Commitment (CommitmentID, Amount, Currency, AssetClassID, InvestorID)VALUES (31, 69000000, 'GBP', 3, 2)
INSERT INTO Commitment (CommitmentID, Amount, Currency, AssetClassID, InvestorID)VALUES (32, 66000000, 'GBP', 2, 3)
INSERT INTO Commitment (CommitmentID, Amount, Currency, AssetClassID, InvestorID)VALUES (33, 75000000, 'GBP', 3, 2)
INSERT INTO Commitment (CommitmentID, Amount, Currency, AssetClassID, InvestorID)VALUES (34, 74000000, 'GBP', 3, 2)
INSERT INTO Commitment (CommitmentID, Amount, Currency, AssetClassID, InvestorID)VALUES (35, 86000000, 'GBP', 4, 4)
INSERT INTO Commitment (CommitmentID, Amount, Currency, AssetClassID, InvestorID)VALUES (36, 36000000, 'GBP', 1, 3)
INSERT INTO Commitment (CommitmentID, Amount, Currency, AssetClassID, InvestorID)VALUES (37, 55000000, 'GBP', 4, 3)
INSERT INTO Commitment (CommitmentID, Amount, Currency, AssetClassID, InvestorID)VALUES (38, 60000000, 'GBP', 2, 2)
INSERT INTO Commitment (CommitmentID, Amount, Currency, AssetClassID, InvestorID)VALUES (39, 4000000, 'GBP', 6, 3)
INSERT INTO Commitment (CommitmentID, Amount, Currency, AssetClassID, InvestorID)VALUES (40, 75000000, 'GBP', 5, 2)
INSERT INTO Commitment (CommitmentID, Amount, Currency, AssetClassID, InvestorID)VALUES (41, 86000000, 'GBP', 4, 4)
INSERT INTO Commitment (CommitmentID, Amount, Currency, AssetClassID, InvestorID)VALUES (42, 63000000, 'GBP', 2, 4)
INSERT INTO Commitment (CommitmentID, Amount, Currency, AssetClassID, InvestorID)VALUES (43, 4000000, 'GBP', 2, 4)
INSERT INTO Commitment (CommitmentID, Amount, Currency, AssetClassID, InvestorID)VALUES (44, 82000000, 'GBP', 3, 4)
INSERT INTO Commitment (CommitmentID, Amount, Currency, AssetClassID, InvestorID)VALUES (45, 87000000, 'GBP', 2, 4)
INSERT INTO Commitment (CommitmentID, Amount, Currency, AssetClassID, InvestorID)VALUES (46, 11000000, 'GBP', 1, 4)
INSERT INTO Commitment (CommitmentID, Amount, Currency, AssetClassID, InvestorID)VALUES (47, 89000000, 'GBP', 4, 4)
INSERT INTO Commitment (CommitmentID, Amount, Currency, AssetClassID, InvestorID)VALUES (48, 12000000, 'GBP', 3, 3)
INSERT INTO Commitment (CommitmentID, Amount, Currency, AssetClassID, InvestorID)VALUES (49, 22000000, 'GBP', 3, 1)
INSERT INTO Commitment (CommitmentID, Amount, Currency, AssetClassID, InvestorID)VALUES (50, 16000000, 'GBP', 1, 3)
INSERT INTO Commitment (CommitmentID, Amount, Currency, AssetClassID, InvestorID)VALUES (51, 24000000, 'GBP', 3, 4)
INSERT INTO Commitment (CommitmentID, Amount, Currency, AssetClassID, InvestorID)VALUES (52, 40000000, 'GBP', 2, 1)
INSERT INTO Commitment (CommitmentID, Amount, Currency, AssetClassID, InvestorID)VALUES (53, 15000000, 'GBP', 2, 3)
INSERT INTO Commitment (CommitmentID, Amount, Currency, AssetClassID, InvestorID)VALUES (54, 45000000, 'GBP', 4, 3)
INSERT INTO Commitment (CommitmentID, Amount, Currency, AssetClassID, InvestorID)VALUES (55, 36000000, 'GBP', 6, 4)
INSERT INTO Commitment (CommitmentID, Amount, Currency, AssetClassID, InvestorID)VALUES (56, 78000000, 'GBP', 3, 2)
INSERT INTO Commitment (CommitmentID, Amount, Currency, AssetClassID, InvestorID)VALUES (57, 69000000, 'GBP', 6, 2)
INSERT INTO Commitment (CommitmentID, Amount, Currency, AssetClassID, InvestorID)VALUES (58, 65000000, 'GBP', 5, 1)
INSERT INTO Commitment (CommitmentID, Amount, Currency, AssetClassID, InvestorID)VALUES (59, 70000000, 'GBP', 6, 4)
INSERT INTO Commitment (CommitmentID, Amount, Currency, AssetClassID, InvestorID)VALUES (60, 11000000, 'GBP', 4, 1)
INSERT INTO Commitment (CommitmentID, Amount, Currency, AssetClassID, InvestorID)VALUES (61, 87000000, 'GBP', 1, 2)
INSERT INTO Commitment (CommitmentID, Amount, Currency, AssetClassID, InvestorID)VALUES (62, 5000000, 'GBP', 3, 4)
INSERT INTO Commitment (CommitmentID, Amount, Currency, AssetClassID, InvestorID)VALUES (63, 18000000, 'GBP', 5, 4)
INSERT INTO Commitment (CommitmentID, Amount, Currency, AssetClassID, InvestorID)VALUES (64, 69000000, 'GBP', 4, 1)
INSERT INTO Commitment (CommitmentID, Amount, Currency, AssetClassID, InvestorID)VALUES (65, 15000000, 'GBP', 5, 2)
INSERT INTO Commitment (CommitmentID, Amount, Currency, AssetClassID, InvestorID)VALUES (66, 76000000, 'GBP', 6, 3)
INSERT INTO Commitment (CommitmentID, Amount, Currency, AssetClassID, InvestorID)VALUES (67, 31000000, 'GBP', 3, 3)
INSERT INTO Commitment (CommitmentID, Amount, Currency, AssetClassID, InvestorID)VALUES (68, 44000000, 'GBP', 5, 3)
INSERT INTO Commitment (CommitmentID, Amount, Currency, AssetClassID, InvestorID)VALUES (69, 8000000, 'GBP', 3, 4)
INSERT INTO Commitment (CommitmentID, Amount, Currency, AssetClassID, InvestorID)VALUES (70, 32000000, 'GBP', 2, 3)
INSERT INTO Commitment (CommitmentID, Amount, Currency, AssetClassID, InvestorID)VALUES (71, 62000000, 'GBP', 4, 4)
INSERT INTO Commitment (CommitmentID, Amount, Currency, AssetClassID, InvestorID)VALUES (72, 36000000, 'GBP', 3, 1)
INSERT INTO Commitment (CommitmentID, Amount, Currency, AssetClassID, InvestorID)VALUES (73, 88000000, 'GBP', 4, 3)
INSERT INTO Commitment (CommitmentID, Amount, Currency, AssetClassID, InvestorID)VALUES (74, 30000000, 'GBP', 3, 4)
INSERT INTO Commitment (CommitmentID, Amount, Currency, AssetClassID, InvestorID)VALUES (75, 4000000, 'GBP', 4, 4)
INSERT INTO Commitment (CommitmentID, Amount, Currency, AssetClassID, InvestorID)VALUES (76, 59000000, 'GBP', 2, 4)
INSERT INTO Commitment (CommitmentID, Amount, Currency, AssetClassID, InvestorID)VALUES (77, 79000000, 'GBP', 5, 3)
INSERT INTO Commitment (CommitmentID, Amount, Currency, AssetClassID, InvestorID)VALUES (78, 71000000, 'GBP', 5, 3)
INSERT INTO Commitment (CommitmentID, Amount, Currency, AssetClassID, InvestorID)VALUES (79, 16000000, 'GBP', 1, 2)
INSERT INTO Commitment (CommitmentID, Amount, Currency, AssetClassID, InvestorID)VALUES (80, 14000000, 'GBP', 1, 1)
INSERT INTO Commitment (CommitmentID, Amount, Currency, AssetClassID, InvestorID)VALUES (81, 58000000, 'GBP', 6, 4)
INSERT INTO Commitment (CommitmentID, Amount, Currency, AssetClassID, InvestorID)VALUES (82, 92000000, 'GBP', 2, 1)
INSERT INTO Commitment (CommitmentID, Amount, Currency, AssetClassID, InvestorID)VALUES (83, 47000000, 'GBP', 5, 4)
INSERT INTO Commitment (CommitmentID, Amount, Currency, AssetClassID, InvestorID)VALUES (84, 94000000, 'GBP', 3, 4)
INSERT INTO Commitment (CommitmentID, Amount, Currency, AssetClassID, InvestorID)VALUES (85, 18000000, 'GBP', 1, 2)
INSERT INTO Commitment (CommitmentID, Amount, Currency, AssetClassID, InvestorID)VALUES (86, 49000000, 'GBP', 4, 3)
INSERT INTO Commitment (CommitmentID, Amount, Currency, AssetClassID, InvestorID)VALUES (87, 40000000, 'GBP', 3, 3)
INSERT INTO Commitment (CommitmentID, Amount, Currency, AssetClassID, InvestorID)VALUES (88, 96000000, 'GBP', 1, 4)
INSERT INTO Commitment (CommitmentID, Amount, Currency, AssetClassID, InvestorID)VALUES (89, 35000000, 'GBP', 3, 3)
INSERT INTO Commitment (CommitmentID, Amount, Currency, AssetClassID, InvestorID)VALUES (90, 69000000, 'GBP', 6, 1)
INSERT INTO Commitment (CommitmentID, Amount, Currency, AssetClassID, InvestorID)VALUES (91, 53000000, 'GBP', 4, 1)
INSERT INTO Commitment (CommitmentID, Amount, Currency, AssetClassID, InvestorID)VALUES (92, 14000000, 'GBP', 2, 4)
INSERT INTO Commitment (CommitmentID, Amount, Currency, AssetClassID, InvestorID)VALUES (93, 31000000, 'GBP', 3, 3)
INSERT INTO Commitment (CommitmentID, Amount, Currency, AssetClassID, InvestorID)VALUES (94, 63000000, 'GBP', 6, 4)
INSERT INTO Commitment (CommitmentID, Amount, Currency, AssetClassID, InvestorID)VALUES (95, 55000000, 'GBP', 4, 1)
INSERT INTO Commitment (CommitmentID, Amount, Currency, AssetClassID, InvestorID)VALUES (96, 60000000, 'GBP', 2, 3)
INSERT INTO Commitment (CommitmentID, Amount, Currency, AssetClassID, InvestorID)VALUES (97, 55000000, 'GBP', 4, 1)
INSERT INTO Commitment (CommitmentID, Amount, Currency, AssetClassID, InvestorID)VALUES (98, 66000000, 'GBP', 3, 3)
INSERT INTO Commitment (CommitmentID, Amount, Currency, AssetClassID, InvestorID)VALUES (99, 65000000, 'GBP', 4, 3)
INSERT INTO Commitment (CommitmentID, Amount, Currency, AssetClassID, InvestorID)VALUES (100, 54000000, 'GBP', 4, 1)
INSERT INTO Commitment (CommitmentID, Amount, Currency, AssetClassID, InvestorID)VALUES (101, 78000000, 'GBP', 3, 2)
INSERT INTO Commitment (CommitmentID, Amount, Currency, AssetClassID, InvestorID)VALUES (102, 73000000, 'GBP', 6, 1)
INSERT INTO Commitment (CommitmentID, Amount, Currency, AssetClassID, InvestorID)VALUES (103, 7000000, 'GBP', 1, 3)
INSERT INTO Commitment (CommitmentID, Amount, Currency, AssetClassID, InvestorID)VALUES (104, 95000000, 'GBP', 1, 2)
INSERT INTO Commitment (CommitmentID, Amount, Currency, AssetClassID, InvestorID)VALUES (105, 54000000, 'GBP', 6, 2)
INSERT INTO Commitment (CommitmentID, Amount, Currency, AssetClassID, InvestorID)VALUES (106, 75000000, 'GBP', 6, 2)
INSERT INTO Commitment (CommitmentID, Amount, Currency, AssetClassID, InvestorID)VALUES (107, 89000000, 'GBP', 5, 2)
INSERT INTO Commitment (CommitmentID, Amount, Currency, AssetClassID, InvestorID)VALUES (108, 39000000, 'GBP', 2, 1)
INSERT INTO Commitment (CommitmentID, Amount, Currency, AssetClassID, InvestorID)VALUES (109, 32000000, 'GBP', 1, 2)
INSERT INTO Commitment (CommitmentID, Amount, Currency, AssetClassID, InvestorID)VALUES (110, 10000000, 'GBP', 1, 4)
INSERT INTO Commitment (CommitmentID, Amount, Currency, AssetClassID, InvestorID)VALUES (111, 91000000, 'GBP', 5, 3)
INSERT INTO Commitment (CommitmentID, Amount, Currency, AssetClassID, InvestorID)VALUES (112, 36000000, 'GBP', 1, 2)
INSERT INTO Commitment (CommitmentID, Amount, Currency, AssetClassID, InvestorID)VALUES (113, 7000000, 'GBP', 4, 1)
INSERT INTO Commitment (CommitmentID, Amount, Currency, AssetClassID, InvestorID)VALUES (114, 37000000, 'GBP', 4, 2)
INSERT INTO Commitment (CommitmentID, Amount, Currency, AssetClassID, InvestorID)VALUES (115, 37000000, 'GBP', 2, 2)
INSERT INTO Commitment (CommitmentID, Amount, Currency, AssetClassID, InvestorID)VALUES (116, 52000000, 'GBP', 6, 1)
INSERT INTO Commitment (CommitmentID, Amount, Currency, AssetClassID, InvestorID)VALUES (117, 89000000, 'GBP', 2, 4)
INSERT INTO Commitment (CommitmentID, Amount, Currency, AssetClassID, InvestorID)VALUES (118, 80000000, 'GBP', 6, 2)
INSERT INTO Commitment (CommitmentID, Amount, Currency, AssetClassID, InvestorID)VALUES (119, 67000000, 'GBP', 1, 4)
INSERT INTO Commitment (CommitmentID, Amount, Currency, AssetClassID, InvestorID)VALUES (120, 54000000, 'GBP', 1, 3)
INSERT INTO Commitment (CommitmentID, Amount, Currency, AssetClassID, InvestorID)VALUES (121, 96000000, 'GBP', 3, 1)
INSERT INTO Commitment (CommitmentID, Amount, Currency, AssetClassID, InvestorID)VALUES (122, 18000000, 'GBP', 1, 1)
INSERT INTO Commitment (CommitmentID, Amount, Currency, AssetClassID, InvestorID)VALUES (123, 47000000, 'GBP', 5, 2)
INSERT INTO Commitment (CommitmentID, Amount, Currency, AssetClassID, InvestorID)VALUES (124, 72000000, 'GBP', 4, 3)
INSERT INTO Commitment (CommitmentID, Amount, Currency, AssetClassID, InvestorID)VALUES (125, 31000000, 'GBP', 3, 4)
INSERT INTO Commitment (CommitmentID, Amount, Currency, AssetClassID, InvestorID)VALUES (126, 93000000, 'GBP', 2, 4)
INSERT INTO Commitment (CommitmentID, Amount, Currency, AssetClassID, InvestorID)VALUES (127, 77000000, 'GBP', 4, 4)
INSERT INTO Commitment (CommitmentID, Amount, Currency, AssetClassID, InvestorID)VALUES (128, 4000000, 'GBP', 4, 2)
INSERT INTO Commitment (CommitmentID, Amount, Currency, AssetClassID, InvestorID)VALUES (129, 76000000, 'GBP', 1, 2)
INSERT INTO Commitment (CommitmentID, Amount, Currency, AssetClassID, InvestorID)VALUES (130, 92000000, 'GBP', 6, 3)
INSERT INTO Commitment (CommitmentID, Amount, Currency, AssetClassID, InvestorID)VALUES (131, 4000000, 'GBP', 2, 2)
INSERT INTO Commitment (CommitmentID, Amount, Currency, AssetClassID, InvestorID)VALUES (132, 17000000, 'GBP', 4, 3)
INSERT INTO Commitment (CommitmentID, Amount, Currency, AssetClassID, InvestorID)VALUES (133, 20000000, 'GBP', 6, 3)
INSERT INTO Commitment (CommitmentID, Amount, Currency, AssetClassID, InvestorID)VALUES (134, 81000000, 'GBP', 3, 3)
INSERT INTO Commitment (CommitmentID, Amount, Currency, AssetClassID, InvestorID)VALUES (135, 51000000, 'GBP', 4, 4)
INSERT INTO Commitment (CommitmentID, Amount, Currency, AssetClassID, InvestorID)VALUES (136, 53000000, 'GBP', 5, 4)
INSERT INTO Commitment (CommitmentID, Amount, Currency, AssetClassID, InvestorID)VALUES (137, 60000000, 'GBP', 6, 3)
INSERT INTO Commitment (CommitmentID, Amount, Currency, AssetClassID, InvestorID)VALUES (138, 89000000, 'GBP', 5, 1)
INSERT INTO Commitment (CommitmentID, Amount, Currency, AssetClassID, InvestorID)VALUES (139, 81000000, 'GBP', 3, 2)
INSERT INTO Commitment (CommitmentID, Amount, Currency, AssetClassID, InvestorID)VALUES (140, 22000000, 'GBP', 1, 1)
INSERT INTO Commitment (CommitmentID, Amount, Currency, AssetClassID, InvestorID)VALUES (141, 31000000, 'GBP', 5, 2)
INSERT INTO Commitment (CommitmentID, Amount, Currency, AssetClassID, InvestorID)VALUES (142, 51000000, 'GBP', 6, 1)
INSERT INTO Commitment (CommitmentID, Amount, Currency, AssetClassID, InvestorID)VALUES (143, 55000000, 'GBP', 5, 1)
INSERT INTO Commitment (CommitmentID, Amount, Currency, AssetClassID, InvestorID)VALUES (144, 27000000, 'GBP', 3, 4)
INSERT INTO Commitment (CommitmentID, Amount, Currency, AssetClassID, InvestorID)VALUES (145, 67000000, 'GBP', 1, 2)
INSERT INTO Commitment (CommitmentID, Amount, Currency, AssetClassID, InvestorID)VALUES (146, 3000000, 'GBP', 1, 4)
INSERT INTO Commitment (CommitmentID, Amount, Currency, AssetClassID, InvestorID)VALUES (147, 22000000, 'GBP', 4, 2)
INSERT INTO Commitment (CommitmentID, Amount, Currency, AssetClassID, InvestorID)VALUES (148, 94000000, 'GBP', 4, 2)
INSERT INTO Commitment (CommitmentID, Amount, Currency, AssetClassID, InvestorID)VALUES (149, 8000000, 'GBP', 6, 1)
INSERT INTO Commitment (CommitmentID, Amount, Currency, AssetClassID, InvestorID)VALUES (150, 4000000, 'GBP', 5, 3)
INSERT INTO Commitment (CommitmentID, Amount, Currency, AssetClassID, InvestorID)VALUES (151, 92000000, 'GBP', 6, 2)
INSERT INTO Commitment (CommitmentID, Amount, Currency, AssetClassID, InvestorID)VALUES (152, 75000000, 'GBP', 5, 4)
INSERT INTO Commitment (CommitmentID, Amount, Currency, AssetClassID, InvestorID)VALUES (153, 69000000, 'GBP', 2, 1)
INSERT INTO Commitment (CommitmentID, Amount, Currency, AssetClassID, InvestorID)VALUES (154, 21000000, 'GBP', 3, 2)
INSERT INTO Commitment (CommitmentID, Amount, Currency, AssetClassID, InvestorID)VALUES (155, 1000000, 'GBP', 1, 3)
INSERT INTO Commitment (CommitmentID, Amount, Currency, AssetClassID, InvestorID)VALUES (156, 28000000, 'GBP', 1, 1)
INSERT INTO Commitment (CommitmentID, Amount, Currency, AssetClassID, InvestorID)VALUES (157, 41000000, 'GBP', 1, 2)
INSERT INTO Commitment (CommitmentID, Amount, Currency, AssetClassID, InvestorID)VALUES (158, 63000000, 'GBP', 2, 3)
INSERT INTO Commitment (CommitmentID, Amount, Currency, AssetClassID, InvestorID)VALUES (159, 55000000, 'GBP', 3, 3)
INSERT INTO Commitment (CommitmentID, Amount, Currency, AssetClassID, InvestorID)VALUES (160, 94000000, 'GBP', 4, 3)
INSERT INTO Commitment (CommitmentID, Amount, Currency, AssetClassID, InvestorID)VALUES (161, 42000000, 'GBP', 2, 3)
INSERT INTO Commitment (CommitmentID, Amount, Currency, AssetClassID, InvestorID)VALUES (162, 40000000, 'GBP', 2, 2)
INSERT INTO Commitment (CommitmentID, Amount, Currency, AssetClassID, InvestorID)VALUES (163, 68000000, 'GBP', 3, 1)
INSERT INTO Commitment (CommitmentID, Amount, Currency, AssetClassID, InvestorID)VALUES (164, 45000000, 'GBP', 5, 3)
INSERT INTO Commitment (CommitmentID, Amount, Currency, AssetClassID, InvestorID)VALUES (165, 25000000, 'GBP', 6, 2)
INSERT INTO Commitment (CommitmentID, Amount, Currency, AssetClassID, InvestorID)VALUES (166, 39000000, 'GBP', 1, 3)
INSERT INTO Commitment (CommitmentID, Amount, Currency, AssetClassID, InvestorID)VALUES (167, 80000000, 'GBP', 6, 4)
INSERT INTO Commitment (CommitmentID, Amount, Currency, AssetClassID, InvestorID)VALUES (168, 70000000, 'GBP', 6, 3)
INSERT INTO Commitment (CommitmentID, Amount, Currency, AssetClassID, InvestorID)VALUES (169, 52000000, 'GBP', 6, 2)
INSERT INTO Commitment (CommitmentID, Amount, Currency, AssetClassID, InvestorID)VALUES (170, 45000000, 'GBP', 6, 1)
INSERT INTO Commitment (CommitmentID, Amount, Currency, AssetClassID, InvestorID)VALUES (171, 81000000, 'GBP', 6, 4)
INSERT INTO Commitment (CommitmentID, Amount, Currency, AssetClassID, InvestorID)VALUES (172, 9000000, 'GBP', 3, 3)
INSERT INTO Commitment (CommitmentID, Amount, Currency, AssetClassID, InvestorID)VALUES (173, 59000000, 'GBP', 4, 2)
INSERT INTO Commitment (CommitmentID, Amount, Currency, AssetClassID, InvestorID)VALUES (174, 55000000, 'GBP', 3, 4)
INSERT INTO Commitment (CommitmentID, Amount, Currency, AssetClassID, InvestorID)VALUES (175, 3000000, 'GBP', 6, 2)
INSERT INTO Commitment (CommitmentID, Amount, Currency, AssetClassID, InvestorID)VALUES (176, 97000000, 'GBP', 5, 4)
INSERT INTO Commitment (CommitmentID, Amount, Currency, AssetClassID, InvestorID)VALUES (177, 1000000, 'GBP', 5, 4)
INSERT INTO Commitment (CommitmentID, Amount, Currency, AssetClassID, InvestorID)VALUES (178, 20000000, 'GBP', 5, 2)
INSERT INTO Commitment (CommitmentID, Amount, Currency, AssetClassID, InvestorID)VALUES (179, 12000000, 'GBP', 2, 1)
INSERT INTO Commitment (CommitmentID, Amount, Currency, AssetClassID, InvestorID)VALUES (180, 36000000, 'GBP', 5, 3)
INSERT INTO Commitment (CommitmentID, Amount, Currency, AssetClassID, InvestorID)VALUES (181, 12000000, 'GBP', 4, 4)
INSERT INTO Commitment (CommitmentID, Amount, Currency, AssetClassID, InvestorID)VALUES (182, 42000000, 'GBP', 6, 4)
INSERT INTO Commitment (CommitmentID, Amount, Currency, AssetClassID, InvestorID)VALUES (183, 47000000, 'GBP', 4, 1)
INSERT INTO Commitment (CommitmentID, Amount, Currency, AssetClassID, InvestorID)VALUES (184, 32000000, 'GBP', 4, 4)
INSERT INTO Commitment (CommitmentID, Amount, Currency, AssetClassID, InvestorID)VALUES (185, 5000000, 'GBP', 6, 4)
INSERT INTO Commitment (CommitmentID, Amount, Currency, AssetClassID, InvestorID)VALUES (186, 18000000, 'GBP', 4, 2)
INSERT INTO Commitment (CommitmentID, Amount, Currency, AssetClassID, InvestorID)VALUES (187, 59000000, 'GBP', 5, 4)
INSERT INTO Commitment (CommitmentID, Amount, Currency, AssetClassID, InvestorID)VALUES (188, 34000000, 'GBP', 6, 2)
INSERT INTO Commitment (CommitmentID, Amount, Currency, AssetClassID, InvestorID)VALUES (189, 61000000, 'GBP', 6, 4)
INSERT INTO Commitment (CommitmentID, Amount, Currency, AssetClassID, InvestorID)VALUES (190, 4000000, 'GBP', 5, 3)
INSERT INTO Commitment (CommitmentID, Amount, Currency, AssetClassID, InvestorID)VALUES (191, 22000000, 'GBP', 1, 1)
INSERT INTO Commitment (CommitmentID, Amount, Currency, AssetClassID, InvestorID)VALUES (192, 52000000, 'GBP', 3, 4)
INSERT INTO Commitment (CommitmentID, Amount, Currency, AssetClassID, InvestorID)VALUES (193, 69000000, 'GBP', 5, 1)
INSERT INTO Commitment (CommitmentID, Amount, Currency, AssetClassID, InvestorID)VALUES (194, 76000000, 'GBP', 1, 4)
INSERT INTO Commitment (CommitmentID, Amount, Currency, AssetClassID, InvestorID)VALUES (195, 18000000, 'GBP', 6, 1)
INSERT INTO Commitment (CommitmentID, Amount, Currency, AssetClassID, InvestorID)VALUES (196, 49000000, 'GBP', 3, 2)
INSERT INTO Commitment (CommitmentID, Amount, Currency, AssetClassID, InvestorID)VALUES (197, 5000000, 'GBP', 6, 1)
INSERT INTO Commitment (CommitmentID, Amount, Currency, AssetClassID, InvestorID)VALUES (198, 73000000, 'GBP', 1, 3)
INSERT INTO Commitment (CommitmentID, Amount, Currency, AssetClassID, InvestorID)VALUES (199, 18000000, 'GBP', 3, 3)
INSERT INTO Commitment (CommitmentID, Amount, Currency, AssetClassID, InvestorID)VALUES (200, 90000000, 'GBP', 4, 3)
INSERT INTO Commitment (CommitmentID, Amount, Currency, AssetClassID, InvestorID)VALUES (201, 92000000, 'GBP', 6, 3)
INSERT INTO Commitment (CommitmentID, Amount, Currency, AssetClassID, InvestorID)VALUES (202, 23000000, 'GBP', 3, 1)
INSERT INTO Commitment (CommitmentID, Amount, Currency, AssetClassID, InvestorID)VALUES (203, 1000000, 'GBP', 3, 4)
INSERT INTO Commitment (CommitmentID, Amount, Currency, AssetClassID, InvestorID)VALUES (204, 94000000, 'GBP', 3, 3)
INSERT INTO Commitment (CommitmentID, Amount, Currency, AssetClassID, InvestorID)VALUES (205, 43000000, 'GBP', 4, 4)
INSERT INTO Commitment (CommitmentID, Amount, Currency, AssetClassID, InvestorID)VALUES (206, 36000000, 'GBP', 2, 1)
INSERT INTO Commitment (CommitmentID, Amount, Currency, AssetClassID, InvestorID)VALUES (207, 56000000, 'GBP', 4, 2)
INSERT INTO Commitment (CommitmentID, Amount, Currency, AssetClassID, InvestorID)VALUES (208, 24000000, 'GBP', 3, 3)
INSERT INTO Commitment (CommitmentID, Amount, Currency, AssetClassID, InvestorID)VALUES (209, 86000000, 'GBP', 6, 2)
INSERT INTO Commitment (CommitmentID, Amount, Currency, AssetClassID, InvestorID)VALUES (210, 19000000, 'GBP', 1, 4)
INSERT INTO Commitment (CommitmentID, Amount, Currency, AssetClassID, InvestorID)VALUES (211, 28000000, 'GBP', 2, 2)
INSERT INTO Commitment (CommitmentID, Amount, Currency, AssetClassID, InvestorID)VALUES (212, 41000000, 'GBP', 2, 1)
INSERT INTO Commitment (CommitmentID, Amount, Currency, AssetClassID, InvestorID)VALUES (213, 19000000, 'GBP', 6, 1)
INSERT INTO Commitment (CommitmentID, Amount, Currency, AssetClassID, InvestorID)VALUES (214, 63000000, 'GBP', 5, 4)
INSERT INTO Commitment (CommitmentID, Amount, Currency, AssetClassID, InvestorID)VALUES (215, 98000000, 'GBP', 4, 2)
INSERT INTO Commitment (CommitmentID, Amount, Currency, AssetClassID, InvestorID)VALUES (216, 69000000, 'GBP', 5, 1)
INSERT INTO Commitment (CommitmentID, Amount, Currency, AssetClassID, InvestorID)VALUES (217, 26000000, 'GBP', 2, 4)
INSERT INTO Commitment (CommitmentID, Amount, Currency, AssetClassID, InvestorID)VALUES (218, 38000000, 'GBP', 2, 2)
INSERT INTO Commitment (CommitmentID, Amount, Currency, AssetClassID, InvestorID)VALUES (219, 69000000, 'GBP', 2, 3)
INSERT INTO Commitment (CommitmentID, Amount, Currency, AssetClassID, InvestorID)VALUES (220, 57000000, 'GBP', 2, 2)
INSERT INTO Commitment (CommitmentID, Amount, Currency, AssetClassID, InvestorID)VALUES (221, 87000000, 'GBP', 4, 4)
INSERT INTO Commitment (CommitmentID, Amount, Currency, AssetClassID, InvestorID)VALUES (222, 36000000, 'GBP', 6, 2)
INSERT INTO Commitment (CommitmentID, Amount, Currency, AssetClassID, InvestorID)VALUES (223, 77000000, 'GBP', 2, 2)
INSERT INTO Commitment (CommitmentID, Amount, Currency, AssetClassID, InvestorID)VALUES (224, 50000000, 'GBP', 1, 3)
INSERT INTO Commitment (CommitmentID, Amount, Currency, AssetClassID, InvestorID)VALUES (225, 9000000, 'GBP', 1, 1)
INSERT INTO Commitment (CommitmentID, Amount, Currency, AssetClassID, InvestorID)VALUES (226, 13000000, 'GBP', 4, 3)
INSERT INTO Commitment (CommitmentID, Amount, Currency, AssetClassID, InvestorID)VALUES (227, 19000000, 'GBP', 3, 2)
INSERT INTO Commitment (CommitmentID, Amount, Currency, AssetClassID, InvestorID)VALUES (228, 93000000, 'GBP', 3, 3)
INSERT INTO Commitment (CommitmentID, Amount, Currency, AssetClassID, InvestorID)VALUES (229, 82000000, 'GBP', 1, 4)
INSERT INTO Commitment (CommitmentID, Amount, Currency, AssetClassID, InvestorID)VALUES (230, 53000000, 'GBP', 1, 4)
INSERT INTO Commitment (CommitmentID, Amount, Currency, AssetClassID, InvestorID)VALUES (231, 54000000, 'GBP', 1, 3)
INSERT INTO Commitment (CommitmentID, Amount, Currency, AssetClassID, InvestorID)VALUES (232, 69000000, 'GBP', 5, 2)
INSERT INTO Commitment (CommitmentID, Amount, Currency, AssetClassID, InvestorID)VALUES (233, 42000000, 'GBP', 5, 2)
INSERT INTO Commitment (CommitmentID, Amount, Currency, AssetClassID, InvestorID)VALUES (234, 10000000, 'GBP', 5, 3)
INSERT INTO Commitment (CommitmentID, Amount, Currency, AssetClassID, InvestorID)VALUES (235, 93000000, 'GBP', 6, 4)
INSERT INTO Commitment (CommitmentID, Amount, Currency, AssetClassID, InvestorID)VALUES (236, 95000000, 'GBP', 4, 3)
INSERT INTO Commitment (CommitmentID, Amount, Currency, AssetClassID, InvestorID)VALUES (237, 10000000, 'GBP', 3, 1)
INSERT INTO Commitment (CommitmentID, Amount, Currency, AssetClassID, InvestorID)VALUES (238, 9000000, 'GBP', 4, 2)
INSERT INTO Commitment (CommitmentID, Amount, Currency, AssetClassID, InvestorID)VALUES (239, 60000000, 'GBP', 3, 2)
INSERT INTO Commitment (CommitmentID, Amount, Currency, AssetClassID, InvestorID)VALUES (240, 30000000, 'GBP', 1, 1)
INSERT INTO Commitment (CommitmentID, Amount, Currency, AssetClassID, InvestorID)VALUES (241, 42000000, 'GBP', 4, 3)
INSERT INTO Commitment (CommitmentID, Amount, Currency, AssetClassID, InvestorID)VALUES (242, 11000000, 'GBP', 4, 1)
INSERT INTO Commitment (CommitmentID, Amount, Currency, AssetClassID, InvestorID)VALUES (243, 96000000, 'GBP', 4, 4)
INSERT INTO Commitment (CommitmentID, Amount, Currency, AssetClassID, InvestorID)VALUES (244, 50000000, 'GBP', 4, 2)
INSERT INTO Commitment (CommitmentID, Amount, Currency, AssetClassID, InvestorID)VALUES (245, 32000000, 'GBP', 3, 2)
INSERT INTO Commitment (CommitmentID, Amount, Currency, AssetClassID, InvestorID)VALUES (246, 79000000, 'GBP', 6, 2)
INSERT INTO Commitment (CommitmentID, Amount, Currency, AssetClassID, InvestorID)VALUES (247, 31000000, 'GBP', 5, 4)
INSERT INTO Commitment (CommitmentID, Amount, Currency, AssetClassID, InvestorID)VALUES (248, 9000000, 'GBP', 5, 1)
INSERT INTO Commitment (CommitmentID, Amount, Currency, AssetClassID, InvestorID)VALUES (249, 24000000, 'GBP', 5, 2)
INSERT INTO Commitment (CommitmentID, Amount, Currency, AssetClassID, InvestorID)VALUES (250, 38000000, 'GBP', 2, 2)
INSERT INTO Commitment (CommitmentID, Amount, Currency, AssetClassID, InvestorID)VALUES (251, 83000000, 'GBP', 5, 3)
INSERT INTO Commitment (CommitmentID, Amount, Currency, AssetClassID, InvestorID)VALUES (252, 72000000, 'GBP', 2, 4)
INSERT INTO Commitment (CommitmentID, Amount, Currency, AssetClassID, InvestorID)VALUES (253, 17000000, 'GBP', 3, 1)
INSERT INTO Commitment (CommitmentID, Amount, Currency, AssetClassID, InvestorID)VALUES (254, 50000000, 'GBP', 4, 2)
INSERT INTO Commitment (CommitmentID, Amount, Currency, AssetClassID, InvestorID)VALUES (255, 39000000, 'GBP', 6, 3)
INSERT INTO Commitment (CommitmentID, Amount, Currency, AssetClassID, InvestorID)VALUES (256, 60000000, 'GBP', 4, 1)
INSERT INTO Commitment (CommitmentID, Amount, Currency, AssetClassID, InvestorID)VALUES (257, 7000000, 'GBP', 5, 3)
INSERT INTO Commitment (CommitmentID, Amount, Currency, AssetClassID, InvestorID)VALUES (258, 5000000, 'GBP', 4, 3)
INSERT INTO Commitment (CommitmentID, Amount, Currency, AssetClassID, InvestorID)VALUES (259, 69000000, 'GBP', 3, 1)
INSERT INTO Commitment (CommitmentID, Amount, Currency, AssetClassID, InvestorID)VALUES (260, 17000000, 'GBP', 3, 1)
INSERT INTO Commitment (CommitmentID, Amount, Currency, AssetClassID, InvestorID)VALUES (261, 95000000, 'GBP', 2, 3)
INSERT INTO Commitment (CommitmentID, Amount, Currency, AssetClassID, InvestorID)VALUES (262, 21000000, 'GBP', 5, 2)
INSERT INTO Commitment (CommitmentID, Amount, Currency, AssetClassID, InvestorID)VALUES (263, 48000000, 'GBP', 1, 1)
INSERT INTO Commitment (CommitmentID, Amount, Currency, AssetClassID, InvestorID)VALUES (264, 95000000, 'GBP', 3, 1)
INSERT INTO Commitment (CommitmentID, Amount, Currency, AssetClassID, InvestorID)VALUES (265, 89000000, 'GBP', 5, 4)
INSERT INTO Commitment (CommitmentID, Amount, Currency, AssetClassID, InvestorID)VALUES (266, 1000000, 'GBP', 4, 3)
INSERT INTO Commitment (CommitmentID, Amount, Currency, AssetClassID, InvestorID)VALUES (267, 48000000, 'GBP', 5, 2)
INSERT INTO Commitment (CommitmentID, Amount, Currency, AssetClassID, InvestorID)VALUES (268, 42000000, 'GBP', 2, 4)
INSERT INTO Commitment (CommitmentID, Amount, Currency, AssetClassID, InvestorID)VALUES (269, 5000000, 'GBP', 3, 4)
INSERT INTO Commitment (CommitmentID, Amount, Currency, AssetClassID, InvestorID)VALUES (270, 17000000, 'GBP', 3, 4)
INSERT INTO Commitment (CommitmentID, Amount, Currency, AssetClassID, InvestorID)VALUES (271, 42000000, 'GBP', 6, 2)
INSERT INTO Commitment (CommitmentID, Amount, Currency, AssetClassID, InvestorID)VALUES (272, 6000000, 'GBP', 3, 3)
INSERT INTO Commitment (CommitmentID, Amount, Currency, AssetClassID, InvestorID)VALUES (273, 6000000, 'GBP', 3, 4)
INSERT INTO Commitment (CommitmentID, Amount, Currency, AssetClassID, InvestorID)VALUES (274, 17000000, 'GBP', 5, 4)
INSERT INTO Commitment (CommitmentID, Amount, Currency, AssetClassID, InvestorID)VALUES (275, 73000000, 'GBP', 6, 2)
INSERT INTO Commitment (CommitmentID, Amount, Currency, AssetClassID, InvestorID)VALUES (276, 64000000, 'GBP', 2, 4)
INSERT INTO Commitment (CommitmentID, Amount, Currency, AssetClassID, InvestorID)VALUES (277, 0, 'GBP', 2, 2)
INSERT INTO Commitment (CommitmentID, Amount, Currency, AssetClassID, InvestorID)VALUES (278, 89000000, 'GBP', 2, 3)
INSERT INTO Commitment (CommitmentID, Amount, Currency, AssetClassID, InvestorID)VALUES (279, 21000000, 'GBP', 5, 1)
INSERT INTO Commitment (CommitmentID, Amount, Currency, AssetClassID, InvestorID)VALUES (280, 12000000, 'GBP', 3, 1)
INSERT INTO Commitment (CommitmentID, Amount, Currency, AssetClassID, InvestorID)VALUES (281, 31000000, 'GBP', 6, 2)
INSERT INTO Commitment (CommitmentID, Amount, Currency, AssetClassID, InvestorID)VALUES (282, 46000000, 'GBP', 1, 3)
INSERT INTO Commitment (CommitmentID, Amount, Currency, AssetClassID, InvestorID)VALUES (283, 68000000, 'GBP', 3, 2)
INSERT INTO Commitment (CommitmentID, Amount, Currency, AssetClassID, InvestorID)VALUES (284, 16000000, 'GBP', 3, 2)
INSERT INTO Commitment (CommitmentID, Amount, Currency, AssetClassID, InvestorID)VALUES (285, 29000000, 'GBP', 4, 2)
INSERT INTO Commitment (CommitmentID, Amount, Currency, AssetClassID, InvestorID)VALUES (286, 26000000, 'GBP', 2, 3)
INSERT INTO Commitment (CommitmentID, Amount, Currency, AssetClassID, InvestorID)VALUES (287, 8000000, 'GBP', 2, 4)
INSERT INTO Commitment (CommitmentID, Amount, Currency, AssetClassID, InvestorID)VALUES (288, 45000000, 'GBP', 1, 3)
INSERT INTO Commitment (CommitmentID, Amount, Currency, AssetClassID, InvestorID)VALUES (289, 63000000, 'GBP', 2, 2)
INSERT INTO Commitment (CommitmentID, Amount, Currency, AssetClassID, InvestorID)VALUES (290, 44000000, 'GBP', 1, 4)
INSERT INTO Commitment (CommitmentID, Amount, Currency, AssetClassID, InvestorID)VALUES (291, 20000000, 'GBP', 4, 2)
INSERT INTO Commitment (CommitmentID, Amount, Currency, AssetClassID, InvestorID)VALUES (292, 84000000, 'GBP', 1, 4)
INSERT INTO Commitment (CommitmentID, Amount, Currency, AssetClassID, InvestorID)VALUES (293, 55000000, 'GBP', 6, 4)
INSERT INTO Commitment (CommitmentID, Amount, Currency, AssetClassID, InvestorID)VALUES (294, 68000000, 'GBP', 3, 4)
INSERT INTO Commitment (CommitmentID, Amount, Currency, AssetClassID, InvestorID)VALUES (295, 20000000, 'GBP', 6, 1)
INSERT INTO Commitment (CommitmentID, Amount, Currency, AssetClassID, InvestorID)VALUES (296, 57000000, 'GBP', 6, 2)
INSERT INTO Commitment (CommitmentID, Amount, Currency, AssetClassID, InvestorID)VALUES (297, 37000000, 'GBP', 5, 2)
INSERT INTO Commitment (CommitmentID, Amount, Currency, AssetClassID, InvestorID)VALUES (298, 13000000, 'GBP', 4, 4)
INSERT INTO Commitment (CommitmentID, Amount, Currency, AssetClassID, InvestorID)VALUES (299, 37000000, 'GBP', 5, 1)
INSERT INTO Commitment (CommitmentID, Amount, Currency, AssetClassID, InvestorID)VALUES (300, 34000000, 'GBP', 3, 1)
SET IDENTITY_INSERT Commitment OFF;
GO
